book_type,book_name,book_desc,book_img_link,author,publisher,published_y
종교,세계의 신화 전설,"세계적인 신화학자 뒤메질의 제자인 요시다 아츠히코를 비롯하여 일본의 저명한 신화학자 13명이 모여 집필한 세계 신화 총 집합서이다. 수많은 세계의 신화를 엄선하여 각 지역의 가장 중요한 신화 이야기들을 중심으로 재미있고 쉽게 엮어놓았다. 이 한 권으로 그리스, 게르만, 슬라브, 인도, 페르시아, 이집트, 인도, 중국, 일본, 아프리카, 미국, 마야와 잉카의 신화까지 세계 각지의 신화와 전설들을 골고루 느껴 볼 수 있을 것이다.",https://image.aladin.co.kr/product/692/61/cover500/893441054x_1.jpg, 요시다 아츠히코 외 지음;원성현 그림;하선미 옮김, 혜원출판사,2010
종교,김헌의 그리스 로마 신화,"저자 김헌은 <차이나는 클라스>, <책 읽어 주는 나의 서재>, <벌거벗은 세계사> 등 다수의 방송 프로그램에 출연하여 대중에게 고전 작품들을 널리 알리고 있는 고전학자로서 그간 연구하고 들려주었던 그리스·로마 신화를 이 책에 집대성했다.",https://image.aladin.co.kr/product/29146/69/cover500/8932474648_1.jpg, 김헌 지음, 을유문화사,2022
종교,"위대한 설계, 그 흔적들","자연 자체에 설계의 흔적들이 정말 있다면, 자연이 우연의 산물이라 믿는 자연주의 진화론자들은 그것을 인정할까, 아니면 우연으로 환원하려 들까? 자연에서 설계의 흔적들이 관찰된다면, 진정한 과학은 그것을 있는 그대로 인정해야 한다.",https://image.aladin.co.kr/product/3824/87/cover500/8994752633_1.jpg, 필립 존스;마이클 베히;낸시 피어시 외 지음;윌리엄 뎀스키;제임스 쿠쉬너 [공]엮음;현창기;도명술 [공]옮, 새물결플러스,2014
종교,닉 부이치치의 허그,"태어날 때부터 팔다리가 없던 청년 닉 부이치치. 그가 전 세계를 누비며 자신의 삶을 통해 하나님의 절절한 사랑을 전하며 화제가 되고 있다. 자신의 신체적 장애로 인해 겪은 아픔과 절망의 나날, 그리고 그것을 뛰어넘어 행복을 누리고 전하기까지의 치열한 과정을 생생하게 그렸다.",https://image.aladin.co.kr/product/777/87/cover500/8953113857_3.jpg, 닉 부이치치 지음;최종훈 욺김, 두란노,2010
종교,소명: 인생의 목적을 발견하고 성취하는 길,"우리의 인생에서 존재 이유를 어디에서, 어떻게 찾을 것인가? 우리는 진정 그 의미에 만족하며 살 수 있는가? 세계적인 변증가 오스 기니스가 40여 년간의 연구를 바탕으로 저술한 <소명>의 확대 개정판.",https://image.aladin.co.kr/product/19025/18/cover500/8932817073_1.jpg, 오스 기니스 지음;홍병룡 옮김, IVP,2019
종교,(만화로 보는)그리스 로마 신화. 1: 올림포스의 신들,"전국 초등학생들에게 그리스 로마 신화 열풍을 일으킨 개정판. 그림작가가 홍은영에서 2000년 만화대상 학습만화 부문에서 문화관광부 장관상을 받은 서영으로 바뀌었고, 구판의 틀을 그대로 가져가면서, 어린이들이 꼭 알아야 하는 그리스 로마 신화에 대한 지식을 보충했다.",https://image.aladin.co.kr/product/55/83/cover500/8957363017_1.jpg, 토머스 불핀치 원작;이광진 엮음;서영 그림, 가나,2011
종교,(만화로 보는)그리스 로마 신화. 7: 행운과 비극,,https://image.aladin.co.kr/product/57/48/cover500/8957363076_1.jpg, 토마스 불핀치 지음;이광진 엮음;서영 그림, 가나,2011
종교,(만화로 보는)그리스 로마 신화. 15: 오디세우스의 출항,"어린이 신화 서적 최고의 베스트셀러. 화가인 아버지가 남매에게 신화 이야기 하나씩을 들려주는 형식으로 구성되어 있다. 그 때 그 때의 상황을 만들고 신화 한 토막을 그와 연결시키기 때문에 머릿 속에 쉽게 들어오고, 재미있게 읽을 수 있다.",https://image.aladin.co.kr/product/59/23/cover500/8957363157_1.jpg, 토마스 불핀치 원작;이광진 엮음;서영 그림, 가나,2011
종교,(만화로 보는)그리스 로마 신화. 17: 칼립소 여신과 구혼자들,,https://image.aladin.co.kr/product/58/75/cover500/8957363173_1.jpg, 토마스 불핀치 지음;이광진 엮음;서영 그림, 가나,2011
종교,(만화로 보는)그리스 로마 신화. 20: 아이네이아스와 로마,"어린이 신화 서적 최고의 베스트셀러. 화가인 아버지가 남매에게 신화 이야기 하나씩을 들려주는 형식으로 구성되어 있다. 그 때 그 때의 상황을 만들고 신화 한 토막을 그와 연결시키기 때문에 머릿 속에 쉽게 들어오고, 재미있게 읽을 수 있다. 순정만화 풍의 컬러 그림으로 아이들의 흥미를 자아낸다.",https://image.aladin.co.kr/product/56/8/cover500/8990103207_2.jpg, 토마스 불핀치 지음;이광진 엮음;서영 그림, 가나,2011
종교,세계의 신화 전설,"세계적인 신화학자 뒤메질의 제자인 요시다 아츠히코를 비롯하여 일본의 저명한 신화학자 13명이 모여 집필한 세계 신화 총 집합서이다. 수많은 세계의 신화를 엄선하여 각 지역의 가장 중요한 신화 이야기들을 중심으로 재미있고 쉽게 엮어놓았다. 이 한 권으로 그리스, 게르만, 슬라브, 인도, 페르시아, 이집트, 인도, 중국, 일본, 아프리카, 미국, 마야와 잉카의 신화까지 세계 각지의 신화와 전설들을 골고루 느껴 볼 수 있을 것이다.",https://image.aladin.co.kr/product/692/61/cover500/893441054x_1.jpg, 요시다 아츠히코 외 지음;원성현 그림;하선미 옮김, 혜원출판사,2010
종교,(열여덟을 위한)신화 캠프,"그리스 신화 이야기를 통해, 청소년기에 느껴봄직한 여러 ‘시련’들에 관한 철학적 탐색을 담았다. 그리스 신화가 던져주는 삶의 질문들을 통해 자아와 타인과 세계에 관한 질문과 사색들을 철학적 해석에 녹여냈다.",https://image.aladin.co.kr/product/3751/17/cover500/8997779354_1.jpg, 서영화외 지음, 알렙,2014
종교,인문학을 하나님께. 1,극동방송 [인문학을 하나님께] 한재욱 목사의 인문학 이야기. 인문학을 향한 시대의 사랑이 뜨겁다. 베스트셀러의 대부분을 차지하는 인문학 책들을 보면 오직 사람만이 세상의 중심이라고 외치고 있는 것 같다. 그리고 인문학만 잘 알면 내 모든 문제까지도 해결될 것 같다.,https://image.aladin.co.kr/product/14321/99/cover500/8960975346_1.jpg, 한재욱 지음, 규장,2018
종교,불안에서 평안으로,"숱한 실패를 통해 하나님이 그에게 일깨워주신 샬롬의 축복과 은혜를, 평안을 잃고 고통 중에 있는 이들과 나누기 위해 이 책을 썼다. 그는 삶의 문제에 대한 뻔한 해결책보다 우리가 잊고 있는 중요한 진실을 되새기게 해준다.",https://image.aladin.co.kr/product/30410/32/cover500/k382830262_1.jpg, 송준기 지음, 규장,2022
종교,마음 꿰뚫기,"30년 이상 명상, 호흡, 염송 수행을 하던 필자가 60대 후반에 조사선을 만나 선체험을 하게 된 과정을 상세히 기술하는 책. 각각 성격이 다른 세편의 글로 이루어져 있지만 모두 선체험이란 하나의 주제로 연결되고 있다.",https://image.aladin.co.kr/product/6842/86/cover500/8984412686_1.jpg, 오정환 지음, 동쪽나라,2015
종교,신을 옹호하다,<만들어진 신>의 리처드 도킨스와 <신은 위대하지 않다>의 크리스토퍼 히친스 등 이른바 ‘새로운 무신론자들’에 의해 다시 지펴진 신에 관한 논쟁에 테리 이글턴도 참여했다. 마르크스주이자의 시선으로 무신론을 비판하는 입장으로 우리 시대의 앎과 삶 전반에 관한 새로운 관점과 분석틀을 제안한다.,https://image.aladin.co.kr/product/743/83/cover500/8991136222_1.jpg, 테리 이글턴 지음;강주헌 옮김, 모멘토,2010
종교,"멈추면, 비로소 보이는 것들","혜민 스님과 함께하는 내 마음 다시보기 <멈추면, 비로소 보이는 것들> 개정판. 300만 독자의 선택. 2012, 2013 종합베스트셀러 최장기간 1위, 네티즌의 뽑은 올해의 책 1위, 선물하기 좋은 책 1위, 도서관 대출순위 1위 등 수많은 기록을 세우며 꾸준한 사랑을 받고 있다.",https://image.aladin.co.kr/product/10535/22/cover500/s732635620_1.jpg, 혜민 지음;이영철 그림, 수오서재,2017
종교,금강경 마음공부,"금강경은 번뇌가 찾아와도 빠른 번개가 내리꽂히듯 깨뜨려 날려 버릴 수 있으며, 그렇게 하고 나면 마음이 다이아몬드처럼 단단해져서 그 어떤 번뇌에도 흔들리지 않을 수 있다는 뜻이 담겨 있다. 이 2,500년 전 부처의 지혜를 현대의 언어로 푼 것이 《금강경 마음공부》다.",https://image.aladin.co.kr/product/31517/16/cover500/k152832535_1.jpg, 페이융 지음;허유영 옮김, 유노북스,2023
종교,아가페 쉬운성경,8년에 걸쳐 국내외 권위있는 신학자 열 분이 번역한 가장 쉬운 원문번역 성경이다. 국어학자의 감수를 받고 초등학교 교사들이 문장을 다듬어서 누구나 쉽게 이해할 수 있다.,https://image.aladin.co.kr/product/12028/25/cover500/8953721016_1.jpg, 쉬운성경편찬위원회 지음, 아가페출판사,2017
종교,지금 여기 깨어있기,"즉문즉설로 수많은 사람들의 고민을 듣고 길을 제시한 법륜 스님이 새 책 <지금 여기, 깨어있기>를 펴냈다. 특히, <지금 여기, 깨어있기>에서는 법륜 스님 자신의 인생에 큰 전환점이 되었던 깨달음의 순간을 생생하게 들려준다.",https://image.aladin.co.kr/product/4980/86/cover500/8985961853_1.jpg, 법륜 지음, 정토,2014
종교,하나님이 당신의 이야기를 쓰고 계신다,"목소리를 거의 잃어버린 불굴의 예배자, 밥 소르기 목사의 하나님 이해. 밥 소르기 목사는 기름부음 넘치는 찬양 인도자이며 예배에 관해 손꼽히는 세미나 강사이자 탁월한 피아노 연주가이기도 하다. 엘림성경학교의 음악 감독을 지냈고 뉴욕 시온 펠로우십 교회에서 13년 동안 담임목사로 사역했다.",https://image.aladin.co.kr/product/5503/30/cover500/896097398x_1.jpg, 밥 소르기 지음;배응준 옮김, 규장,2015
종교,(팀 켈러의)센터처치,"뉴욕 맨해튼 한가운데에서 폭발적으로 성장하고 있는 리디머교회를 향한 관심은 지대하다. 저자 팀 켈러 목사는 버지니아 주에서 10년, 뉴욕 도시에서 20년의 목회 생활을 돌아보면서, 이 시대 복음의 씨앗이 바로 뉴욕이라는 지역에서 어떻게 풍성하게 열매 맺을 수 있는지 소개하고 있다.",https://image.aladin.co.kr/product/8025/4/cover500/8953124395_1.jpg, 팀 켈러 지음;오종향 옮김, 두란노,2016
종교,두려움이 속삭일 때,현대인은 인생의 불확실성 앞에서 어찌할 바 몰라 불안해한다. 저자는 이 문제에 정면으로 맞서 내면의 깊은 두려움을 끄집어내 근본 해결책을 찾는다. 저자는 우리의 문제가 사실상 두려움의 문제가 아니라 믿음의 문제라고 지적한다.,https://image.aladin.co.kr/product/7969/87/cover500/8953125006_1.jpg, 피트 윌슨 지음;정성묵 옮김, 두란노서원,2016
종교,이것이 선이다,"선(禪) 공부 모임을 이끌면서 구도자를 위한 안내서를 활발히 저술하고 있는 지은이의 여섯 번째 저서가 출간되었다. 옛 선사들의 문답과 일화, 게송과 선시들을 재료로 삼아서 자기의 본래면목에 눈을 뜨도록 친절히 안내하고 있다.",https://image.aladin.co.kr/product/10993/5/cover500/8989590655_1.jpg, 심성일 지음, 침묵의향기,2017
종교,지금 변하지 않으면 내일은 없다,“지금 이대로 주저앉아 있으면 안 된다!” 내버려두면 변질되고 방치하면 죽는다. 더 늦기 전에 변화를 결단하라. 뜨겁게 역동하는 교회와 성도로 서기 위한 구체적 대안.,https://image.aladin.co.kr/product/31984/81/cover500/k292834560_1.jpg, 이찬수 지음, 규장,2023
종교,(닉 부이치치의)플라잉,"닉 부이치치가 아빠가 되어 돌아왔다. 팔다리가 없어도 서핑에 도전하고, 요리를 하고, 드럼을 연주하고, 타이핑을 치고, 그리고 결혼을 하고, 아이를 낳고…. 그의 러브 스토리, 결혼, 아들의 이야기가 고스란히 담겨 있는 가슴 따뜻한 책이다.",https://image.aladin.co.kr/product/2654/32/cover500/8953119219_1.jpg, 닉 부이치치 지음;최종훈 옮김, 두란노,2013
종교,산사로 가는 즐거움,"MBC 일밤 [아빠, 어디 가] 템플스테이 편으로 소개된 현종 스님. 이 책은 고요한 산사에서 불교적 사유를 바탕으로, 혼탁한 속세의 삶에 지친 사람들의 마음을 다독여주고 작은 행복을 일깨워주는 현종 스님의 파스텔화 같은 산사의 스케치이다.",https://image.aladin.co.kr/product/3087/41/cover500/896065289x_1.jpg, 현종 글, 공감,2013
종교,흔들리지 않고 휘둘리지 않고 담담하게,"류노스케 스님이 2011년 강의했던 ‘불교식 평상심 수업’을 정리한 책. 불교에서 말하는 인간의 주된 고통을 5가지의 큰 주제로 정리하고, 이를 일상에서 현명하게 해결하는 핵심 요소인 ‘명상’을 획득하기 위한 방법을 자세히 알려주고자 한다.",https://image.aladin.co.kr/product/3059/83/cover500/8950950979_1.jpg, 코이케류노스케 지음;유윤한 옮김, 21세기북스(북이십일),2013
종교,법륜 스님의 반야심경 강의,"2022년 6월, 완전히 새롭게 출간된 『법륜 스님의 반야심경 강의』는 불교를 전혀 모르는 사람들도 이해할 수 있을 만큼 심오한 불교 사상을 체계적이고 과학적으로 더욱더 쉽고 명쾌하게 풀어냈다.",https://shopping-phinf.pstatic.net/main_3302057/33020578630.20230516165749.jpg, 법륜 지음, 정토,2022
종교,떠남,"“말씀을 받았다면, 주저 없이 떠나라!” 미래가 보장된 하버드에서 척박한 땅 몽골로 또다시 약속하신 순종의 발걸음. 밀리언셀러 <내려놓음>의 저자 이용규 선교사의 새로운 믿음의 여정이 펼쳐진다.",https://image.aladin.co.kr/product/2182/42/cover500/8960972916_1.jpg, 이용규 지음, 규장,2012
종교,완벽하지 않은 것들에 대한 사랑,"<멈추면, 비로소 보이는 것들>의 저자 혜민 스님의 4년 만의 신작. 완벽하지 않은 것들로 가득한 나 자신과 가족, 친구, 동료, 나아가 이 세상을 향한 온전한 사랑의 메시지를 담고 있다.",https://image.aladin.co.kr/product/7543/64/cover500/k522434013_2.jpg, 혜민 지음;이응견 그림, 꿈꾸는서재,2016
종교,"다시, 신화를 읽는 시간","최고의 신화 해설가이자 신화학의 거장인 조지프 캠벨은 동서양의 신화, 종교, 예술, 사상을 넘나들며 보편적 신화의 힘이 우리의 삶에 어떻게 끊임없이 영향을 끼치는지 탐사한다.",https://image.aladin.co.kr/product/25231/98/cover500/k352633902_1.jpg, 조지프 캠벨 지음;권영주 옮김, 더퀘스트,2020
종교,한 권으로 읽는 불교 교리,"방대한 불교 교리를 한 권에 담아낸 책. 근본불교에서 밀교까지 그리고 삼법인, 사성제, 십이연기 등 초기불교 교리에서부터 화엄과 선, 정토까지를 빠짐없이 다루고 있을 뿐 아니라 공이나 유식, 화엄 등의 교리를 독자의 질문이나 실제 일어난 사건과 함께 풀어내고 있다.",https://image.aladin.co.kr/product/6970/28/cover500/k072434989_1.jpg, 지명 지음, 조계종,2015
종교,깨달음,"<스님의 주례사>, <엄마수업>, <기도> 등으로 행복하게 사는 법을 전하는 법륜 스님의 신간. 많은 사람들이 지금 이 순간에 깨어 있다는 것이 어떤 의미인지, 왜 그래야 하는지 알지 못한채 마음의 눈을 감고 습관처럼 세월을 보낸다. 법륜 스님은 누구나 자신이 서 있는 그 자리에서 자유로운 삶, 행복한 삶을 누릴 수 있으며, 그러기 위해서는 ‘내 눈을 뜨는 것’이 먼저라고 말한다.",https://image.aladin.co.kr/product/1513/17/cover500/8985961691_1.jpg, 법륜 지음, 정토,2012
종교,플랜 B,"미국에서 주목받는 차세대 목회자 피트 윌슨의 첫 책. 삶이 당신의 생각대로 풀리지 않을 때, 그래서 원치 않았던 차선책(Plan B)을 선택해야만 할 때 당신은 어떻게 하겠는가? 이 책은 예상치 못한 어려움이 닥칠 때 우리가 흔히 느끼는 두려움과 무기력감, 강박관념을 극복할 수 있종게 도와주며, 모든 상황 속에서 십자가의 소망을 품을 수 있도록 이끌어 준다.",https://image.aladin.co.kr/product/1374/8/cover500/8953116465_1.jpg, 피트 윌슨 지음;정성묵 옮김, 두란노서원,2011
종교,될 일은 된다,그저 숲 속의 소박한 명상가였던 저자가 자기 삶의 흐름을 무조건 신뢰하기로 결심한 이후로 펼쳐진 40년간의 경이로운 여정에 관한 책.,https://image.aladin.co.kr/product/8611/58/cover500/8935704016_1.jpg, 마이클 A. 싱어 지음;김정은 옮김, 정신세계사,2016
종교,동경대전. 2: 우리가 하느님이다,"최근 최초로 그 모습을 드러낸 <동경대전> 초판본의 완역이자, 가장 상세한 주석서이다. <동경대전>은 1824년에 태어나 1864년 봄에 억울한 누명을 쓰고 처형당한 수운 최제우라는 한 인간이 깨달음을 얻고 나서부터 그가 죽기 직전까지 한문으로 쓴 문장을 모은 일종의 문집이다.",https://image.aladin.co.kr/product/26898/69/cover500/8982641505_1.jpg, 김용옥 지음, 통나무,2021
종교,왜 결혼하는가?,"성경 말씀을 중심으로 하나님이 설계하신 결혼, 부부 관계, 가정의 진정한 의미를 찾아가고 있다. 저자는 부부 관계는 우리가 어른스러워지느냐 혹은 미숙한 존재로 있느냐를 가르는 중요한 훈련장이라고 말한다.",https://shopping-phinf.pstatic.net/main_5192889/51928890624.20241217071107.jpg, 조정민 지음, 두란노,2024
종교,내가 틀릴 수도 있습니다,"2022년 1월, 한 사람이 세상을 떠났다. 그러자 스웨덴 전역에 거대한 애도의 물결이 일었다. 비욘 나티코 린데블라드. 수많은 스웨덴인들을 불안에서 끌어내어 평화와 고요로 이끌었던 그는 2018년 루게릭병에 진단받은 후에도 유쾌하고 따뜻한 지혜를 전하며 살아갔다.",https://shopping-phinf.pstatic.net/main_3247609/32476098802.20240907071357.jpg, 비욘 나티코 린데블라드 지음;토마스 산체스 그림;박미경 옮김, 다산초당,2024
종교,내가 틀릴 수도 있습니다,"2022년 1월, 한 사람이 세상을 떠났다. 그러자 스웨덴 전역에 거대한 애도의 물결이 일었다. 비욘 나티코 린데블라드. 수많은 스웨덴인들을 불안에서 끌어내어 평화와 고요로 이끌었던 그는 2018년 루게릭병에 진단받은 후에도 유쾌하고 따뜻한 지혜를 전하며 살아갔다.",https://shopping-phinf.pstatic.net/main_3247609/32476098802.20240907071357.jpg, 비욘 나티코 린데블라드 지음;토마스 산체스 그림;박미경 옮김, 다산초당,2024
종교,지성에서 영성으로,시대의 지성 이어령이 전하는 영성에 대한 참회론적 메시지. 이 책은 크리스천 이어령의 지성에서 영성의 길로 나아가는 과정과 영성의 세계에 들어오면서 과정과 그에 따른 솔직한 생각에 대해서 세세하고 기록하고 있다.,https://image.aladin.co.kr/product/3359/79/cover500/8970637826_1.jpg, 이어령 지음, 열림원,2013
종교,인문학을 하나님께. 3,"사람이 성경을 통해 하늘의 진리를 만날 수 있도록 땅의 언어 인문학으로 다리를 놓는 《인문학을 하나님께》 시리즈가 1권 인문학의 개관, 2권 철학과 역사에 이어 3권 시와 소설 편으로 돌아왔다.",https://image.aladin.co.kr/product/27403/79/cover500/k992732453_1.jpg, 한재욱 지음, 규장,2021
종교,탈무드,"역사, 법, 인물, 천문, 윤리 등 1만 2천 페이지의 방대한 내용으로 구성된 탈무드 중에서 현대인에게 꼭 필요하다고 여겨지는 내용만 뽑아 수록했다. 인간의 행동이나 생각, 이웃에 대한 사랑, 믿음 등 기본적으로 갖추어야 할 소양들을 제시하여 인생을 보다 풍부하고 아름답게 가꿀 수 있도록 하였다.",https://image.aladin.co.kr/product/27/11/cover500/8989258057_2.jpg, 마빈 토케이어 지음;이동민 옮김, 인디북,2005
종교,잊혀진 계절. Ⅰ,"현직 대학교수로서 저자 자신이 젊은 시절 직접 경험한 사실들을 기록한 자전적 에세이다. 저자가 대학교 재학중이던 시절, 처음 신흥종교단체를 접하게 된 1995년부터 그 교주가 서울고등법원에서 징역 10년을 선고받은 2009년까지의 14년 세월의 시간을 담았다.",https://image.aladin.co.kr/product/28687/34/cover500/k062836369_1.jpg, 김도형 저, AS(에이에스),2022
종교,두려움 너머의 삶,"두려움에 시달리는 이들에게 해법을 제시하는 책이다. 저자는 탁월한 묵상과 자신의 경험, 상담하며 만난 사람들의 사례를 토대로 성경적으로 두려움을 뛰어넘는 방법을 소개한다. 왜곡된 두려움에 시달리고 잠을 이루지 못하는 이들에게 두려움을 이기고 그 너머의 평안하고 건강한 삶을 살도록 돕고 있다.",https://image.aladin.co.kr/product/9663/38/cover500/8953126851_1.jpg, 이상준 지음, 두란노,2016
종교,(만화로 보는)그리스 로마 신화. 3: 신과 요정과 인간,"신과 인간, 요정들의 사랑이야기가 본격적으로 시작된다. 페니키아의 작은 나라의 아름다운 공주 에우로페, 아프로디테의 미움을 산 프시케, 아내 하르모니아와 함께 용이 된 카드모스, 괴물 미노타우로스를 낳게 된 파시파에 등의 이야기가 펼쳐진다.",https://image.aladin.co.kr/product/56/29/cover500/8957363033_1.jpg, 토머스 불핀치 원작;이광진 엮음;서영 그림, 가나,2011
종교,(만화로 보는)그리스 로마 신화. 4: 페르세우스와 메두사,"개정판 4번째 권에는 교만한 아라크네를 혼네준 아테나의 이야기를 비롯 레토와 니오베, 메두사를 물리친 페르세우스의 모험, 코르키스의 황금빛 양 털가죽을 탐내는 왕자 이아손의 이야기가 실려 있다.",https://image.aladin.co.kr/product/56/64/cover500/8957363041_1.jpg, 토마스 불핀치 원작;이광진 옮김;서영 그림, 가나,2011
종교,(만화로 보는)그리스 로마 신화. 6: 영웅 헤라클레스,,https://image.aladin.co.kr/product/57/22/cover500/8957363068_1.jpg, 토마스 불핀치 지음;이광진 엮음;서영 그림, 가나,2011
종교,(만화로 보는)그리스 로마 신화. 8: 오르페우스의 사랑,,https://image.aladin.co.kr/product/57/66/cover500/8957363084_1.jpg, 토마스 불핀치 지음;이광진 엮음;서영 그림, 가나,2011
종교,(만화로 보는)그리스 로마 신화. 9: 가장 아름다운 여신,"화가인 아버지가 남매에게 신화 이야기 하나씩을 들려주는 형식으로 구성되어 있다. 그 때 그 때의 상황을 만들고 신화 한 토막을 그와 연결시키기 때문에 머릿 속에 쉽게 들어오고, 재미있게 읽을 수 있다.",https://image.aladin.co.kr/product/57/94/cover500/8957363092_1.jpg, 토마스 불핀치 지음;이광진 엮음;서영 그림, 가나,2011
종교,(2500년 동안 사랑받은)초역 부처의 말,"2500년 동안 사람들에게 사랑받으며 회자되어 온 부처의 말을 코이케 류노스케 스님이 현대어로 재해석해 책으로 출간했다. 간결하게 축약된 핵심만을 담은 부처의 메시지는, 마음이 약해지고 어려움에 처한 사람들에게 힘과 용기를 불어넣어 준다.",https://shopping-phinf.pstatic.net/main_4779214/47792143629.20240519071003.jpg, 코이케 류노스케 지음;박재현 옮김, 포레스트북스(콘텐츠그룹 포레스트),2024
종교,(만화로 보는)그리스 로마 신화. 11: 운명의 대결,,https://image.aladin.co.kr/product/58/47/cover500/8957363114_1.jpg, 토마스 불핀치 원작;이광진 엮음;서영 그림, 가나,2011
종교,(만화로 보는)그리스 로마 신화. 14: 트로이의 목마,,https://image.aladin.co.kr/product/59/3/cover500/8957363149_1.jpg, 토마스 불핀치 원작;이광진 엮음;서영 그림, 가나,2011
종교,(만화로 보는)그리스 로마 신화. 16: 마법사 여신 키르케,"어린이 신화 서적 최고의 베스트셀러. 화가인 아버지가 남매에게 신화 이야기 하나씩을 들려주는 형식으로 구성되어 있다. 그 때 그 때의 상황을 만들고 신화 한 토막을 그와 연결시키기 때문에 머릿 속에 쉽게 들어오고, 재미있게 읽을 수 있다.",https://image.aladin.co.kr/product/59/44/cover500/8957363165_1.jpg, 토마스 불핀치 지음;이광진 엮음;서영 그림, 가나,2011
종교,"(만화로 보는)그리스 로마 신화. 18: 오, 이타케, 이타케!",,https://image.aladin.co.kr/product/58/9/cover500/6000157238_1.jpg, 토마스 불핀치 원작;이광진 엮음;서영 그림, 가나,2011
종교,(만화로 보는)그리스 로마 신화. 19: 오디세우스의 복수,"이번 권은 2000년 만화대상 학습만화 부문에서 문화관광부 장관상을 받은 서영이 그림을 맡았다. 긴 여행 끝에 드디어 고향에 돌아온 오디세우스와 수많은 구혼자를 물리친 페넬로페, 그들의 아들 텔레마코스의 이야기가 펼쳐진다.",https://image.aladin.co.kr/product/54/82/cover500/8990103193_1.jpg, 토마스 불핀치 지음;이광진 엮음;서영 그림, 가나,2011
종교,과학에서 신으로,수학과 같이 딱 떨어지는 해답을 가지고 있는 학문에 매료되었던 한 물리학도가 인간의 의식세계에 대한 의문을 해결하기 위해 명상을 비롯한 동양 철학 등에 입문하여 그 의문들을 풀어나가는 과정을 흥미롭게 서술한 책.,https://image.aladin.co.kr/product/103/2/cover500/8956052131_1.jpg, 피터 러셀 지음;김유미 옮김, 해나무,2018
종교,위즈덤,"토크쇼의 여왕 오프라 윈프리가 자신의 삶에 가장 큰 영향을 미친 대화의 정수를 담아 쓴 최초의 책이다. 우리 시대의 지성, 삶의 스승이라 불리는 세기의 명사들은 오프라 윈프리와의 허심탄회한 대화를 통해 직접 경험한 깨달음의 순간들, 좌절과 고통을 극복하고 새롭게 살아가게 된 계기, 구도의 길을 떠나 얻은 삶의 지침들을 생생하게 전한다.",https://image.aladin.co.kr/product/19473/36/cover500/k912635617_1.jpg, 오프라 윈프리 지음;노혜숙 옮김, 다산책방,2019
종교,뒷담화만 하지 않아도 성인이 됩니다,"프란치스코 교황이 사람들에게 직접 전한 가르침을 모은 책이다. 그래서 이 책에 담긴 이야기들은 우리 삶과 직결된 이야기들이다. 연인들에게 하는 이야기, 가족들에게 하는 이야기, 가난 때문에 고통받는 사람들에게 하는 이야기들이다.",https://image.aladin.co.kr/product/4326/11/cover500/8932113661_1.jpg, 프란치스코 교황 지음;진슬기 옮겨 엮음;임의준 그림, 가톨릭,2014
종교,같은 하루 다른 행복,"행복해지고 싶은 사람들에게 보내는 희망의 메시지. 원빈 스님은 '웰빙' '힐링'의 열풍은 뜨겁지만 행복하지 않은 사람들은 늘어만 가고, 정작 '행복'에 대해서는 무지한 대부분의 사람들에게 이 책을 통해 행복도 공부해야 하고, 노력해야 함을 거듭 강조하고 있다.",https://image.aladin.co.kr/product/2662/35/cover500/895624409x_1.jpg, 원빈 지음, 이지북(자음과모음),2013
종교,"(만화로 보는)그리스 로마 신화. 10: 트로이, 트로이로!",,https://image.aladin.co.kr/product/58/20/cover500/8957363106_1.jpg, 토마스 불핀치 지음;이광진 엮음;서영 그림, 가나,2011
종교,스크루테이프의 편지,정본 C. S. 루이스 클래식 첫 권(1권). 경험 많고 노회한 고참 악마 스크루테이프가 자신의 조카이자 풋내기 악마인 웜우드에게 인간을 유혹하는 방법에 대해 충고하는 서른한 통의 편지이다.,https://image.aladin.co.kr/product/17560/38/cover500/8936513192_1.jpg, C. S. 루이스 지음;김선형 옮김, 홍성사,2021
종교,붓다의 언어,"처음 만나는 붓다의 언어, 내 안에 들어와 깨달음의 노래가 되어 흐르다. 부처님의 진심에 다가가는 가장 바르고 쉬운 길.",https://image.aladin.co.kr/product/31680/93/cover500/k382833888_1.jpg, 등현 지음, 불광,2023
종교,티벳 死者의 書,에 나타난 가장 중요한 사상은 죽음은 끝이 아니라 하나의 과정이라는 것이다. 죽는 순간을 깨닫기 위한 최고의 도약이라고 여겼던 이들에게 죽음을 전후해 '死者의 書'를 읽어줌으로써 윤회의 굴레에서 벗어나 완전한 자유를 얻게 한다.,https://image.aladin.co.kr/product/15/20/cover500/8935700665_3.jpg, 파드마 삼바바 지음;라마 카지 다와삼둡 번역;에반스 웬츠 편집;류시화 옮김, 정신세계사,2010
종교,엄마 마음 크기가 아이 인생 크기를 만든다,엄마 마음이 건강해야 자녀 마음도 건강하다. 하나님은 먼저 부모를 예수님의 마음으로 회복시키신 뒤 자녀가 말씀 순종의 축복을 받도록 하신다. 병든 가치관을 뽑아내어 성경적 마음으로 새롭게 변화될 때 아이의 인생 크기가 예수님과 함께 자라 간다.,https://image.aladin.co.kr/product/8021/86/cover500/8953125286_1.jpg, 장애영 지음, 두란노서원,2016
종교,법륜스님의 금강경 강의,즉문즉설 강연과 <기도> <깨달음> <스님의 주례사> 등으로 널리 알려진 법륜스님의 경전강의 시리즈 새 책이다. 어렵다고 생각되는 경전을 법륜스님 특유의 명쾌한 화법으로 알기 쉽게 풀이했다.,https://image.aladin.co.kr/product/2121/63/cover500/8985961713_1.jpg, 법륜 지음, 정토,2012
종교,할아버지의 기도,"세상을 살아가며 중요하게 여겨야 할 가치가 무엇인지, 고통이나 상실 안에 어떠한 의미가 담겨 있는지 이야기하는 책이다. 인간과 하느님이 어떻게 연결되어 있는지, 인간의 영혼은 어떻게 치유받을 수 있는지를 들려준다.",https://image.aladin.co.kr/product/60/49/cover500/8931005075_1.jpg, 레이첼 나오미 레멘 지음;류해욱 옮김, 문예,2011
종교,길을 찾는 사람,수많은 독자를 감동시킨 조정민의 세 번째 잠언록. 길을 가리키고 자신은 그 길을 가지 않는 사람이 있다. 길을 가리키고 정작 자신은 길을 잃는 사람들도 있다. 내가 걸어 보지 않은 길 이야기를 하지 말자. 이 책은 마음의 길을 밝혀 준다.,https://image.aladin.co.kr/product/2043/10/cover500/8953118220_2.jpg, 조정민 지음;추덕영 그림, 두란노,2012
종교,같이 걷기,베스트셀러 <내려놓음> <더 내려놓음>의 세 번째 이야기. 저자는 첫 번째 책 ‘내려놓음’에서 내려놓을 때 하나님으로 채워진다고 했고 ‘더 내려놓음’에서는 내가 죽을 때 내 안에서 예수님이 사신다고 했다. 그렇다면 그 이후는 어떻게 살아야 하는가? 이옹규는 그 답을 ‘같이 걷기’로 정리했다.,https://image.aladin.co.kr/product/818/34/cover500/8960971871_2.jpg, 이용규 지음, 규장,2010
종교,조용헌의 휴휴명당,동양학자 조용헌 선생이 30여 년간 온 강산을 누비며 답사한 명당 22곳을 소개하는 책이다. 명당에는 오랜 역사만큼이나 수많은 역사와 이야기가 서려 있다. 명당의 생생한 느낌을 전달하는 106컷의 사진이 수록되어 있다.,https://image.aladin.co.kr/product/6379/30/cover500/8974792699_1.jpg, 조용헌, 불광출판사,2015
종교,지금 이대로 좋다,"<인생수업> <지금, 여기, 깨어있기> <법륜스님의 행복> 등으로 인생의 고민에 대해 명쾌한 해법을 제시해 온 법륜 스님의 에세이. 지난 8년간 SNS로 매일 전해졌던 법륜 스님의 희망편지 콘텐츠를 한 권의 에세이로 정리한 책이다.",https://image.aladin.co.kr/product/21290/5/cover500/k912636388_1.jpg, 법륜 지음;박정은 그림, 정토출판,2019
종교,아쉬타바크라의 노래,인도의 수많은 뛰어난 영성 작품들 가운데에서도 최고의 가르침을 전하는 것으로 손꼽히는 경전이다. 이 경전은 신체의 여덟 군데에 장애가 있는 성자 아쉬타바크라가 자나카 왕에게 가르침을 주는 형식의 글로 이루어져 있다.,https://image.aladin.co.kr/product/14641/88/cover500/898959071x_1.jpg, 심성일 강설, 침묵의향기,2018
종교,고요할수록 밝아지는 것들,"""가끔은 고요함 속에서 나를 만나는 시간을 선물하세요."" <멈추면, 비로소 보이는 것들>, <완벽하지 않은 것들에 대한 사랑>의 저자 혜민 스님의 3년 만의 신작. 복잡하고 소란한 세상 속 나 자신을 잃어가는 사람들에게 꼭 필요한 이야기.",https://image.aladin.co.kr/product/19031/66/cover500/k182635196_1.jpg, 혜민 지음, 수오서재,2019
종교,용담유사,"동학농민혁명의 원천, <용담유사>! 한글가사에 이렇게 위대한 사상이 담겨 있다. 도올 김용옥이 <용담유사>를 현재 우리말로 재구성한 희대의 역작이다.",https://image.aladin.co.kr/product/28684/88/cover500/8982641521_1.jpg, 김용옥 역, 통나무,2022
종교,삶으로 다시 떠오르기,새로운 영적 교사 에크하르트 톨레의 대표작. 2008년에 <NOW>라는 제목으로 출간되었으나 자신의 번역에 문제를 느낀 류시화가 출판사에 양해를 구해 책을 절판시키고 전면 재번역을 해 <삶으로 다시 떠오르기>라는 새 제목으로 다시 출간하게 되었다.,https://image.aladin.co.kr/product/3031/51/cover500/1195026129_1.jpg, 에크하르트 톨레 지음 ;류시화 옮김, 연금술사,2013
종교,신화의 숲,"철학과 고전은 어렵고 고루하다는 기존 인식을 보기 좋게 깨트린 『철학의 숲』, 『고전의 숲』 시리즈의 세 번째 책 『신화의 숲』이 출간되어 화제다. 그리스 로마 신화를 다룬 이 책은 출간 되기 전부터 맘카페에서 빠르게 입소문이 퍼졌다.",https://image.aladin.co.kr/product/33948/73/cover500/k372930236_2.jpg, 김헌 지음, 포레스트북스,2024
종교,석가모니 인생수업,"독자들에게 석가모니의 가르침을 쉽게 접근하고 이해할 수 있는 방법을 제공하며, 석가모니의 가르침을 바탕으로 한 다양한 주제들을 현대적으로 다룬 책이다.",https://shopping-phinf.pstatic.net/main_4795919/47959192619.20240528091926.jpg, 석가모니 저;김지민 엮음, Highest(하이스트그로우),2024
종교,내가 틀릴 수도 있습니다,"2022년 1월, 한 사람이 세상을 떠났다. 그러자 스웨덴 전역에 거대한 애도의 물결이 일었다. 비욘 나티코 린데블라드. 수많은 스웨덴인들을 불안에서 끌어내어 평화와 고요로 이끌었던 그는 2018년 루게릭병에 진단받은 후에도 유쾌하고 따뜻한 지혜를 전하며 살아갔다.",https://shopping-phinf.pstatic.net/main_3247609/32476098802.20240907071357.jpg, 비욘 나티코 린데블라드 지음;토마스 산체스 그림;박미경 옮김, 다산초당,2024
종교,(상식으로 꼭 알아야 할)그리스 로마 신화,"그리스 신화의 이야기를 이해하고 해석하는데 필요한 기본적인 지식을 제공하는 책. 올림포스 12신에 대한 상징, 신들의 이름에 담긴 상징, 각 신들의 별칭이 지닌 상징, 신들의 상징물이 담고 있는 의미 등 신화가 갖고 있는 상징, 이미지를 상세하게 설명하고 있다.",https://image.aladin.co.kr/product/92/15/cover500/8958970774_1.jpg, 김성대 편저, 삼양미디어,2012
종교,인문학을 하나님께. 2,"인생에 대해 질문하는 철학, 도도히 흘러가는 역사속에서 하나님이 주인 되심을 발견하라. 극동방송 '인문학을 하나님께' 한재욱 목사의 인문학 이야기 두 번째 권이다.",https://image.aladin.co.kr/product/20651/73/cover500/k932636261_1.jpg, 한재욱 지음, 규장,2019
종교,메타휴먼,"저자는 의식이야 말로 유일하게 가능한 자기-창조자임을 주장하고 있다. 우리는 ‘의식적인 종(species)’이다. 우리에게 시간, 공간, 물질, 에너지는 우리의 창조성에 종속된 가변적인 경험이다. 그 말은, 그것들이 다양한 방법으로 확장되거나 축소될 수 있다는 말이다",https://image.aladin.co.kr/product/25151/39/cover500/8974798425_1.jpg, 디팩 초프라 지음;김윤종 옮김, 불광출판사,2020
종교,더 내려놓음,"베스트셀러 <내려놓음>의 지은이인 이용규가 전작에서 못다한 이야기를 좀 더 구체적으로 설명하기 위해 내놓은 책. 기독교의 핵심 진리인 ‘십자가의 도’를 더 깊이, 더 실제적이고 구체적으로 이해하고 그것을 어떻게 실천해야 하는지 써내려갔다.",https://image.aladin.co.kr/product/101/72/cover500/8960970409_1.jpg, 이용규 지음, 규장,2008
종교,죽은 감나무에는 꽃이 피지 않는다,인간의 탄생은 고가 아니라 하나의 축복이다. 이젠 종교도 시절 인연에 따라 달라진다. 망상과 관념에 휘둘리는 교리에서 벗어나 문명시대에 맞는 불교의 가르침을 펴야 한다는 것이 이 책의 가르침이다.,https://image.aladin.co.kr/product/32444/50/cover500/k292935290_1.jpg, 용화 지음, 이정서재,2023
종교,신이 사라진 세상,이 시대의 언어로 되살린 한글 인왕반야경. 4종의 역본중 현존하는 서기 401년 구역으로 불리는 진나라 구마라집의 '불설 인왕반야바라밀경'과 이보다 364년 뒤인 서기 765년 새로 번역된 신역인 당나라 불공의 '인왕호국반야바라밀다경'을 참고로 하여 발간되었다.,https://image.aladin.co.kr/product/7135/74/cover500/k302434993_1.jpg, 로널드 드워킨 지음;김성훈 옮김, 블루엘리펀트(동아일보사),2014
종교,(내 가슴을 다시 뛰게 할)잊혀진 질문,"《무지개 원리》의 저자이자 연 600회 강연을 소화하며 대중과 소통해온 우리 시대 멘토 중 하나인 차동엽 신부의 신간. ‘한번 태어난 인생, 왜 이렇게 힘들고 아프고 고통스러워야 하나?’ ‘착한 사람은 부자가 될 수 없나?’ ‘우리는 왜 자기 인생에 쉽게 만족하지 못할까?’ ‘이 세상에 신이 있다면 대체 어디에 숨어 있나?’ ‘악인의 길과 선인의 길은 미리 정해져 있나?’ ‘지구의 종말이 오긴 오는 걸까?’와 같은 근본적 물음 15가지와 거기서 파생된 동시대인들의 절실한 물음 11가지에 대한 따뜻하고 친절한 대답이 담겨 있다.",https://image.aladin.co.kr/product/1429/33/cover500/8976777182_1.jpg, 차동엽 지음, 명진,2012
종교,신의 언어,"성경을 살아계신 하나님으로 생생하게 느껴지게 하여, 숙제처럼 의미 없이 통독하게 하는 것이 아니라, 연인처럼 빠져 들어 성경과 교제하게 안내한다. 그간 우리가 자각하지 못했던 성경의 참 의미를 깨닫게 해주는 뛰어난 말씀론이다.",https://image.aladin.co.kr/product/18580/83/cover500/8953134269_1.jpg, 이상준 지음, 두란노서원,2019
종교,(만화로 보는)그리스 로마 신화. 2: 사랑과 질투,"전국에 그리스 로마 신화 열풍을 몰고 온 의 개정판. 이번 권에서는 대홍수 이후에 생겨난 새로운 인류와 아폴론과 다프네, 아르테미스와 악타이온, 헤라와 레토, 아름다운 페르세포네의 이야기가 실려 있다.",https://image.aladin.co.kr/product/56/5/cover500/8957363025_1.jpg, 토머스 불핀치 지음;이광진 엮음;서영 그림, 가나,2011
종교,(만화로 보는)그리스 로마 신화. 5: 이아손과 메데이아,"전국 초등학생들에게 그리스 로마 신화 열풍을 일으킨 개정판. 그림작가가 홍은영에서 2000년 만화대상 학습만화 부문에서 문화관광부 장관상을 받은 서영으로 바뀌었고, 구판의 틀을 그대로 가져가면서, 어린이들이 꼭 알아야 하는 그리스 로마 신화에 대한 지식을 보충했다.",https://image.aladin.co.kr/product/27/66/cover500/895736305x_2.jpg, 토마스 불핀치 원작;이광진 엮음;서영 그림, 가나,2011
종교,(만화로 보는)그리스 로마 신화. 12: 신들의 싸움,"어린이 신화 서적 최고의 베스트셀러. 화가인 아버지가 남매에게 신화 이야기 하나씩을 들려주는 형식으로 구성되어 있다. 그 때 그 때의 상황을 만들고 신화 한 토막을 그와 연결시키기 때문에 머릿 속에 쉽게 들어오고, 재미있게 읽을 수 있다.",https://image.aladin.co.kr/product/58/90/cover500/8957363122_2.jpg, 토마스 불핀치 지음;이광진 엮음;서영 그림, 가나,2011
종교,(만화로 보는)그리스 로마 신화. 13: 슬픈 운명,"어린이 신화 서적 최고의 베스트셀러. 화가인 아버지가 남매에게 신화 이야기 하나씩을 들려주는 형식으로 구성되어 있다. 그 때 그 때의 상황을 만들고 신화 한 토막을 그와 연결시키기 때문에 머릿 속에 쉽게 들어오고, 재미있게 읽을 수 있다.",https://image.aladin.co.kr/product/58/92/cover500/8957363130_1.jpg, 토마스 불핀치 지음;이광진 엮음;서영 그림, 가나,2011
종교,지금 이대로 좋다,"<인생수업> <지금, 여기, 깨어있기> <법륜스님의 행복> 등으로 인생의 고민에 대해 명쾌한 해법을 제시해 온 법륜 스님의 에세이. 지난 8년간 SNS로 매일 전해졌던 법륜 스님의 희망편지 콘텐츠를 한 권의 에세이로 정리한 책이다.",https://image.aladin.co.kr/product/21290/5/cover500/k912636388_1.jpg, 법륜 지음;박정은 그림, 정토출판,2019
종교,행복하기 행복전하기,,https://image.aladin.co.kr/product/309/3/cover500/8985961535_1.jpg, 법륜 지음, 정토출판,2008
종교,나는 왜 그리스도인이 되었는가,복음주의 목사 존 스토트의 회심기. 그가 그리스도를 믿은 것은 그분이 자신을 발견하셨기 때문이고 기독교 신앙이 진리이기 때문이라고 말한다. 또한 신비한 존재에 대한 감정적인 의지가 아닌 정직하고 냉철한 믿음을 이야기한다.,https://image.aladin.co.kr/product/48/31/cover500/8932815380_1.jpg, 존 스토트 지음;양혜원 옮김, 한국기독교학생회 출판부,2004
종교,땅끝의 아이들,"이어령 전 장관의 회심의 중심에는 그의 장녀 이민아가 있었다. 이민아 변호사의 망막 손상이 심해져 실명 위기에 처하자, 이어령 전 장관은 아버지로서 평소의 딸의 간청을 받아들여 하나님을 영접하게 되었다. 이 책은 지독한 이성주의자였던 이어령 전 장관으로 하여금 영성의 문지방을 넘게 만든 딸, 이민아의 신앙간증집이다.",https://image.aladin.co.kr/product/1266/57/cover500/8970637028_1.jpg, 이민아 지음, 시냇가에심은나무,2011
종교,삶이 내게 말을 걸어올 때,"미국의 교육지도자, 사회운동가, 작가로 활동하고 있는 파커 J. 파머의 산문집. 이 책의 특징은 소명 찾기를 개인의 관점 뿐만 아니라 사회생태학적인 관점으로도 해석하고 있다는 점이다. '진정한의 나의 길'이라는 개인적 관심사와 '커뮤니티'라는 공동체의 긴밀한 관계를 자신의 인생경험을 통해 잔잔하고 감동적으로 적어나갔다.",https://image.aladin.co.kr/product/102/92/cover500/8956990646_1.jpg, 파커 J. 파머 지음;홍윤주 옮김, 한문화,2011
종교,동경대전. 1: 나는 코리안이다,"수운 최제우가 직접 저술한 <동경대전>과 수운에 대한 바이오그라피인 <대선생주문집>을 도올이 심혈을 기울여 번역하고 해설하여, 수운 최제우 그 인간은 누구이고 동학이란 과연 무엇인가를 상세하게 서술한 역작이다.",https://image.aladin.co.kr/product/26898/57/cover500/8982641491_1.jpg, 김용옥 지음, 통나무,2021
종교,진짜 나를 찾아라,"법정 스님이 1994년 ‘마음을, 세상을, 자연을 맑고 향기롭게’라는 실천 덕목으로 만든 사단법인 ‘맑고 향기롭게’가 2024년 올해로 30주년이 된다. 이를 기념하기 위해, 1970년대 후반부터 2000년대 초반까지 부산, 춘천, 대구, 창원, 광주, 청도 등 전국 각지에서 법정 스님이 펼친 강연을 글로 풀어낸 것이 이 책 『진짜 나를 찾아라』이다.",https://image.aladin.co.kr/product/33837/59/cover500/8946422726_2.jpg, 법정 지음, 샘터사,2024
종교,(2500년 동안 사랑받은)초역 부처의 말,"2500년 동안 사람들에게 사랑받으며 회자되어 온 부처의 말을 코이케 류노스케 스님이 현대어로 재해석해 책으로 출간했다. 간결하게 축약된 핵심만을 담은 부처의 메시지는, 마음이 약해지고 어려움에 처한 사람들에게 힘과 용기를 불어넣어 준다.",https://shopping-phinf.pstatic.net/main_4779214/47792143629.20240519071003.jpg, 코이케 류노스케 지음;박재현 옮김, 포레스트북스(콘텐츠그룹 포레스트),2024
종교,(허무감에 압도될 때)지혜문학,"내 인생에 지혜를 더하는 시간, 인생명강 시리즈 24권. 삶을 이야기하는 신학자 김학철 교수가 성서 고전 중 가장 유명한 《잠언》, 《욥기》, 《전도서》, 《야고보서》를 ‘삶이란 무엇인가’라는 본질적 질문과 엮어 해설한 힐링교양서이다.",https://shopping-phinf.pstatic.net/main_5040496/50404961625.20240924081349.jpg, 김학철 지음, 21세기북스(북이십일),2024
종교,왜 사는가 소크라테스 예수 붓다,"소크라테스, 예수, 붓다는 활동한 장소, 시대, 문화가 비록 서로 다르지만 차이점보다도 공통점이 많다. 세 인물 모두 인류에 대한 연민과 관심을 아끼지 않았으며, 인간 내면의 탐구, 인간적인 관계와 사랑, 그리고 영적인 이해를 강조했다.",https://shopping-phinf.pstatic.net/main_4109701/41097017626.20230815080645.jpg, 프레데릭 르누아르 지음;이푸로라 옮김, 마인드큐브,2023
종교,자녀교육 혁명 하브루타,"가족끼리 질문하고 대화, 토론, 논쟁하는 가족 하브루타는 서로 속마음을 허심탄회하게 이야기하게 함으로써 가정에 행복을 가져온다. 질문과 토론을 통해 길러진 사고력과 통찰력은 유대인이 그러하듯 자녀를 성공적인 삶으로 이끈다.",https://image.aladin.co.kr/product/1997/17/cover500/8953118158_1.jpg, 전성수 지음, 두란노,2012
종교,혁명가 붓다,세상 사람의 고통을 보고 고뇌를 시작한 열두 살 소년 싯다르타는 왕자의 신분을 버리고 세상으로 나아갔다. 차별과 폭력으로 가득한 세상에서 모든 사람이 행복할 수 있는 세상을 위해 한평생을 구도자이자 혁명가로 살았던 인간 붓다! 그의 족적을 법륜 스님의 스승에 대한 간절함을 풀어 담았다.,https://dls2.edunet.net/DLS/api/homepage/holding/getCoverImage.do?prov_code=E10&neis_code=E100000276&bib_key=34206547930, 법륜 지음, 정토,2025
종교,(만화로 보는)그리스 로마 신화. 21,,/img/no_book.805feab5.png, 토마스 불핀치 지음;이광진 엮음;서영 그림, 가나,2011
종교,(만화로 보는)그리스 로마 신화. 25,,https://image.aladin.co.kr/product/43/65/cover500/8957361022_1.gif, 토마스 불핀치 지음;이광진 엮음;서영 그림, 가나,2011
종교,교황 프란치스코 그는 누구인가,,/img/no_book.805feab5.png, 매튜 번슨 지음;제병영 옮김, 하양인,2013
종교,(만화로 보는)그리스 로마 신화. 23,,/img/no_book.805feab5.png, 토마스 불핀치 지음;이광진 엮음;서영 그림, 가나,2011
종교,(만화로 보는)그리스 로마 신화. 24,,/img/no_book.805feab5.png, 토마스 불핀치 지음;이광진 엮음;서영 그림, 가나,2011
종교,(만화로 보는)그리스 로마 신화. 22,,/img/no_book.805feab5.png, 토마스 불핀치 지음;이광진 엮음;서영 그림, 가나,2011
